gene	baseMean	log2FoldChange	lfcSE	stat	pvalue	padj
ENSG00000160191	76935.750140528	3.072333991068033	0.15466447818845422	19.86450946625561	8.255466659371662e-88	1.8905018649961106e-85
ENSG00000154734	22865.839219769205	3.442459159561743	0.17885775907267412	19.246909820462363	1.498381384321278e-82	1.7156466850478633e-80
ENSG00000154723	7343.952521521504	2.5826895933677205	0.16341645904556532	15.804341915446782	2.904069972809985e-56	2.2167734125782882e-54
ENSG00000180509	30230.0966919242	2.9441216616418053	0.19949999739197705	14.757502256289273	2.7528866326170203e-49	1.5760275971732442e-47
ENSG00000183145	9994.405127686434	2.8913666041578465	0.24839356477242608	11.64026373552337	2.572189978991311e-31	1.1780630103780203e-29
ENSG00000276289	11797.287233616635	2.8604159207760453	0.4649970053188863	6.151471704241246	7.676722386954592e-10	2.9299490443543357e-8
ENSG00000277277	724.498419026939	0.9285750781126542	0.2640389313416151	3.516811227020376	4.367642858263738e-4	0.014288431636319944
