gene	baseMean	log2FoldChange	lfcSE	stat	pvalue	padj
ENSG00000160191	76936.83752027052	3.07238200237009	0.15502495715150572	19.8186282958779	2.056376990702161e-87	4.709103308707948e-85
ENSG00000154734	22866.246872834956	3.4425101761247827	0.17919212930271883	19.21128003512457	2.9783128847917067e-82	3.4101682530865044e-80
ENSG00000154723	7344.029845562644	2.5827280264054777	0.16371630292938008	15.775631260861978	4.577980784284696e-56	3.494525332003984e-54
ENSG00000180509	30231.35994280944	2.9440546894824515	0.19985026245512452	14.731302592827596	4.058077611724494e-49	2.3232494327122726e-47
ENSG00000183145	9994.482521283844	2.8913897312594727	0.24868058713059094	11.626921765875927	3.0074820623439723e-31	1.377426784553539e-29
ENSG00000276289	11795.457629097473	2.860419239083876	0.46500193297810016	6.151413652765592	7.679533304386402e-10	2.93102187784081e-8
ENSG00000277277	724.5000678429718	0.9285794798161342	0.2639865859875155	3.517525242210787	4.3559091936954444e-4	0.014250045790803668
