gene	baseMean	log2FoldChange	lfcSE	stat	pvalue	padj
ENSG00000160191	76935.26550261695	3.0723095527108546	0.15539766126576374	19.770629285446827	5.330691222870067e-87	1.2207282900372453e-84
ENSG00000154734	22865.047625483316	3.44234308602675	0.17951677287680926	19.175606996840386	5.917381810039e-82	6.775402172494654e-80
ENSG00000154723	7343.865904185277	2.5826399498716217	0.1640207509464094	15.74581225222807	7.3382777029490455e-56	5.601551979917771e-54
ENSG00000180509	30230.42552958334	2.944144839460146	0.20018603019918152	14.707044425281696	5.808966871273561e-49	3.3256335338041136e-47
ENSG00000183145	9994.645747257011	2.8914359273817913	0.24898551642012928	11.61286796498992	3.5452159257814374e-31	1.6237088940078983e-29
ENSG00000276289	11796.755348830677	2.8602369579565234	0.4649679178156593	6.151471635706466	7.676725704893546e-10	2.929950310701037e-8
ENSG00000277277	724.4981201012956	0.9286093301731602	0.26386958118521375	3.519198105375232	4.328533581793656e-4	0.014160488431867818
